_y_,group1,group2,n1,n2,statistic,p,p_adj,p_adj_signif
n,Fall,Spring,22,22,1.2324723219139564,0.2177726995891998,1.0,ns
n,Fall,Summer,22,22,4.179174731861713,2.9256883972523726e-5,0.00017554130383514235,***
n,Fall,Winter,22,22,-2.14869874827685,0.03165828798892264,0.18994972793353582,ns
n,Spring,Summer,22,22,2.946702409947757,0.003211821380844709,0.019270928285068253,*
n,Spring,Winter,22,22,-3.381171070190806,0.000721775914243759,0.004330655485462554,**
n,Summer,Winter,22,22,-6.327873480138563,2.485628078323666e-10,1.4913768469941997e-9,****
